unique_match_id,points
202201161161,3
201909142916,0
201709232620,0
2018102111119,0
201912052223,0
2020110221614,0
2017121722110,0
2021040421424,3
2021020321740,0
2018030312314,1
202108221221,3
2020122721624,3
2019011212024,0
20220123114,3
2018090112013,1
20190112280,0
201904222224,1
201810072140,1
202007062319,3
20210303154,1
2019012911710,1
2019011921824,1
20170819214,3
202112181418,3
201902261987,0
2019112311733,3
201905042915,3
202109111612,1
2017091011077,3
202101271916,1
2018020311521,0
2021031321524,0
202110232113,1
2020011221340,0
2022040921818,0
201904281024,3
201804232153,3
2019122112213,3
2020012121112,0
202110312131,0
201801152580,3
201802032587,3
20201004271,0
2021041811710,0
2019110911116,0
2021101811121,1
2018122612510,0
202001191724,0
201708122212,3
20190914213,3
20211226234,3
201712022410,0
2021120521617,1
201903302533,3
202110301520,3
201808182221,3
20190302102,3
201712092112,1
201709301016,3
202103141321,0
20200709132,1
2019122621329,3
202111282733,3
2019081711721,0
201912072184,1
201904151433,3
20180510151,1
202109252240,0
2018122621719,0
202012171526,3
201912072324,3
2017092311140,0
201912212826,0
202204021024,3
2017112621419,3
2019102122221,3
2017120912720,0
201911302113,3
201801142140,3
2018012021559,1
2019122621524,3
202006201112,3
202009202724,3
202003011920,3
201908102640,0
201902232239,1
202012262416,3
2021010221126,3
202001182192,3
20210822139,3
2018030312712,1
202105112144,3
2020100321024,3
2022040221740,0
2018041422619,1
2018081811419,0
202001112224,3
201912291221,3
201801201213,3
201901031140,0
2022021921116,0
201801132251,0
201912282614,0
201902261173,0
202201152016,3
2017110421424,0
202012052015,3
2022022621620,0
201901021182,1
2021121111616,0
201903161724,3
2021110611013,1
201908181716,1
201912261196,0
2018081122516,0
202205022517,3
2017101511012,1
201710152819,1
2018030321480,1
20181226213,3
202101312820,3
201810071415,3
202010041209,0
2018040712659,1
201805131214,0
2018100611010,0
20220410200,1
20201018276,0
201711292012,3
2017120221820,1
20190211293,1
2020070611520,0
202003071621,0
201903171115,3
2018120121410,1
202109112189,0
2017082711720,1
2018030312133,0
202006192310,1
20180915230,0
2018031722359,3
201709161144,3
2022031011318,3
20200111144,1
202201191517,3
2018022412559,3
2022011121417,3
2021081321221,3
201802031024,1
20200129111,3
201804281824,1
2020091912119,0
201903301924,0
202204202221,0
202202191340,3
202011062143,3
2021110711821,0
202001012194,1
202001111120,3
20180818262,0
2017102911413,1
201910201110,1
201803101110,0
2018090121587,1
2019030911840,0
202104042513,3
202011231149,1
20190130122,0
20211128201,3
201912272940,3
202203011724,3
202109191220,3
20191228171,3
201711251183,3
2020112112110,0
20190130170,1
202204232410,3
2020121321120,1
201910191149,1
202112291816,1
2022021221518,3
201808251152,1
202007152179,1
201911101810,0
2018012021710,0
202105232612,3
202108212029,3
2022020821019,3
201812262209,1
201712162271,0
2020121611421,1
201909012420,1
2017082111540,1
201902272133,3
201812261244,1
201805131012,3
202204192110,3
202204022514,1
2022052211617,3
202102282220,0
2019020911533,0
2021051811612,3
201903302812,0
202112191120,1
202110302113,1
20200722251,1
202009142816,0
20220510116,3
201711292270,0
202105022326,3
20180922259,1
201801311812,1
202109252120,1
202102141559,1
202012261514,1
202205172140,0
202007112840,0
2017112912616,0
202108142186,3
2017081321020,0
20200112106,3
202010242204,0
2019051211015,3
20211226126,3
202009212940,0
201812221543,3
20220522281,3
202011011410,3
2021051921121,0
201903021420,1
202011271104,3
2022043021640,0
2018042212640,0
201809021333,0
2018092912019,0
2018041911414,1
202112281114,0
202201022126,3
202103072115,0
202012162412,1
201809291116,1
202205102130,0
2021030711120,0
20191109224,3
201908311191,0
2020091921615,3
201909282220,0
201810212154,3
20210221253,3
201912152440,0
2019050422320,3
20200709156,3
2017120211016,0
201812052312,3
2020121921440,0
2018012011040,0
202105031959,1
20181221119,3
202105231314,3
2018100722021,0
2019041321743,3
20180428174,0
2020112821518,0
201904201202,3
2018020322112,0
201810282519,3
2017110422714,1
202007121159,0
2021121011817,0
2018020312510,0
20200118286,1
2018122621816,0
201904211143,3
202101161215,3
202101261163,3
2021021511016,0
201909281189,0
202103072010,0
201711261424,3
202101011619,3
201708191182,3
2019102611513,0
201910192333,1
202110022821,1
2018022412613,0
202001102221,3
202102061615,1
2018122321520,0
20210203166,3
2021011312020,1
2020062421919,0
2019101922329,1
201909281126,3
20220320231,3
20220409136,3
202108282819,0
201802242233,1
2021030311326,0
2019020911713,3
2018112611024,3
201712131820,0
2021122821129,3
2019020921819,3
2019020621540,0
2022040621719,3
2021100211416,0
202204202104,3
202203122520,3
201803171180,0
201810272202,0
2020030722229,3
2020102411115,3
2020122012213,1
202002012236,3
202006301513,3
2021021311313,1
201801021211,0
201710282477,3
2018042821114,3
202105191659,3
202007052101,1
2018111011714,1
2021030321714,1
201708121013,3
2021091821933,0
202111281640,0
201909302521,1
201802031613,0
202002151129,3
201810062719,0
201712232833,3
201811031121,1
2018031122320,0
20211107260,3
2019120821314,0
201908312170,0
2021041211513,1
2020022311810,0
2019011911733,1
201801312310,3
202101272526,0
201809292610,3
202012191203,1
202108212124,3
2020022911113,3
201708262514,3
202111302164,3
2018112412419,0
201808272520,0
2017092321787,1
201903022887,3
202204231317,1
201712302114,3
202204021710,1
202012191012,3
202012162163,3
202007222116,3
201908172193,3
2017121321019,0
201902022287,3
20191102263,0
201910191192,1
2018090221820,3
201803031100,0
2022031311016,0
201811302249,3
202009121415,3
20200624292,3
2022021921419,3
202007162156,1
2020092621119,0
2022052221218,0
202103131218,1
202201221917,3
20190512219,3
2019082422214,0
202202261019,3
2020062821812,0
202010311224,3
2022022611017,3
202009141213,3
202204161412,0
201911102513,3
202112122171,1
202012292141,1
2017121611021,0
2021021412019,3
201904142116,3
20190227154,3
2019122821019,0
2020112311124,0
201710282520,3
201903172200,0
20181222204,0
202102131340,0
2019092111924,0
2019051221721,0
202011221418,1
2019121411326,0
2017122321487,1
202101211170,3
2021082111940,0
202104222759,3
202012272159,1
201912142173,3
20181221290,0
2017093011110,0
201802101420,0
201710142171,1
2022030511229,3
201811042012,3
201709302677,3
202101031016,3
202012202216,0
20180429101,3
2017120211714,0
202104252924,0
20210410216,3
2018012012580,0
2018041422533,3
201903162687,3
202109262149,0
2020070512224,1
2022051911119,0
201810201516,1
2019100521826,1
201903092033,3
2022022621540,0
2019121621113,1
2021011722220,0
202109111933,3
20200927269,3
20200919254,0
2018092911821,0
201911232016,3
2020092722218,0
201904061787,3
202101132315,1
202007161812,1
20190112141,0
2020011812221,1
2019110321520,1
202202202914,3
2017093022520,0
202105231110,0
202007111170,1
2020020121029,1
2017123011787,1
2018012011814,0
2018102821121,1
202112041033,3
20210911226,3
202203131131,0
2017120921733,3
2020091311520,3
202105191919,0
201812262821,1
2020070521726,1
202003072143,0
202009121101,3
2020121321426,3
20220313266,3
2022051621021,3
2019051212512,1
202103061713,3
2021021321124,0
202108222416,0
20201004116,0
2022042311029,3
2021050212220,0
201810202210,1
2019110921419,0
20191228282,3
201911232412,1
201712102119,1
201805062087,1
2021012621018,0
20200704252,3
201812292819,3
2021030621721,1
2017112811113,1
201808111242,0
20171028122,3
2020110721510,0
201709171416,1
2021101621418,3
202204091821,3
2020122611415,1
2022051521814,0
2022031021916,0
2021122611120,0
20191019186,0
20171223202,3
202204102121,3
2018121512433,0
20171202223,3
2022030511614,0
2019120711720,0
20220515101,1
201910061940,3
2019010211416,1
2022020911420,3
202201012440,0
201801301477,0
201808101710,0
201902032021,3
202205112729,3
201912262111,3
202110172151,0
2021121211014,0
2021030611426,3
201805042810,3
201809232419,3
2017092322633,0
202007021140,0
20210103173,3
2019101921313,3
201712031142,1
202010311026,3
201811262173,0
2020021621320,0
20191130232,3
2022021211619,0
2018050612540,1
202202231324,0
201803312612,3
202105131110,3
201908172132,0
201712261816,0
201902102016,3
201812081016,0
20191130221,0
202012202518,3
202205151818,1
202007011102,3
20210320283,3
202001011521,0
202201181213,1
2019041211014,3
202002222220,3
202101212124,0
201804292640,0
201804192712,1
2018090111040,0
202112111940,0
201711041780,1
2022043021329,3
201802101181,0
201908241633,3
202102062201,1
2018082621016,0
2018051321440,0
202111282210,1
20201024101,1
2021013012059,1
201903162233,1
2019042321812,1
201901302114,1
2022011111212,0
2018010112514,0
20171128284,1
20200111293,1
201901192513,3
202101302410,1
20180929173,3
201808191513,0
2020062411529,3
201912212104,3
202109111014,3
201809222113,1
20200620269,0
2017112012713,1
201712232710,1
201803311141,0
2022020521733,1
2017120322312,1
201801222260,3
201812152019,3
201910192724,3
2017111821119,1
201803102624,0
2020071311410,1
201811242640,0
20190412273,0
2018120811443,0
2018031722719,0
2018022422187,0
201801012170,0
202108211124,1
2019041312424,0
201903311243,3
2020092811315,3
2021051911320,3
2021100211924,1
20191102249,1
2020121721324,1
201710281250,0
20181103139,3
201811031171,0
201709231280,3
201803172254,0
20210215223,3
201808111159,1
201808181231,3
202203061433,3
201912032112,3
202002082154,3
202201231814,1
2017081221187,0
2017120911824,0
2021100321114,1
202109251016,3
202203102933,3
2019082511020,3
2020061921912,0
202112111130,0
201908312013,3
20180408221,1
20180415143,0
201909281019,3
2020121312212,0
202012131814,0
202007172633,3
201709161033,3
20190129291,3
202010242126,3
2021101611612,0
202009211226,0
2017112521033,0
201908311124,3
2018121621421,3
20210117150,1
2019110321114,0
202201151149,0
202011081140,1
20200715240,3
20191020250,1
201905122181,0
2018090112316,0
2019010122420,0
2018010222620,0
201812222214,0
20220402296,3
201812261014,0
2021112021017,1
202007132512,1
2019122611010,0
2018021022624,3
2021103021016,0
20211204290,0
201708261833,1
201811241220,0
2019041311515,0
202110232169,1
2020100412112,0
20220410274,3
202204232193,0
202108292910,0
2017082611487,1
201801201231,1
20181124254,1
2020121611018,0
2019022321087,3
2017100111719,3
2019092111840,0
202101121524,3
20191227109,0
2018120511019,1
2017110521533,3
202006291174,3
2022051521517,0
202109192610,0
2022022321720,3
2018042821713,1
2022051121616,0
201812152324,3
202103071200,3
20181229239,0
2017110422613,0
202002232929,3
201902091515,3
2021082821317,1
202112012924,1
20210405169,3
2020022222213,1
201902272220,3
2017102122510,3
2018013121413,1
202011011153,0
2017102821880,0
201812231319,3
2018082512487,1
20210411171,0
2020070721829,3
201904081616,0
201901012415,3
202104032259,0
2017120912177,0
201912152519,1
202002221826,1
20180120262,1
201810201187,3
2019113012320,0
202011222114,3
201910262182,1
2017093011480,0
2019092121526,0
201812272141,0
20200122271,3
201912211419,1
20200705216,3
2020110121019,3
202205012621,0
202204281210,1
20190831272,3
202101162712,3
202203051146,0
201909282312,3
202012121219,0
202105082016,0
2019041312520,0
202102171019,3
202105182840,3
2021103021812,0
202101122919,0
201904261250,0
201903091643,0
202102281126,3
20201219114,3
202012292821,0
2021122621316,0
2020112121313,0
202102281516,1
202101161219,3
202009201312,3
201805041513,0
20210828120,1
2022051121819,1
20201216130,0
2017122311813,0
2020062211740,0
202108131417,0
201809151120,3
2021031421413,0
202001011213,1
2021012712210,3
2019120711133,1
20171104260,0
201912081913,1
2021102321533,0
202205151733,3
202006202234,0
20180310224,3
2020071512340,0
20181103240,1
2019022712321,0
20171209173,3
2020011121121,1
201910061212,3
202002232533,3
202007211033,3
20200702200,3
202103082219,3
2019081011424,0
201809292013,3
201912282186,3
20171125120,1
202102072140,0
2018050522377,3
201810062343,3
201808112204,0
202001012189,3
20220319146,3
2017121021421,1
202202231160,0
2017122312180,0
2018013111880,1
2018102022415,3
2022041011729,0
2018042822616,0
202108212833,3
201908101154,1
2019030322016,0
2019091411120,0
202012132424,0
201710221120,0
20180422241,3
20200627196,3
201805091840,0
2021102311916,0
2021051521718,0
2022042411413,1
2018030321719,3
201812022119,3
2021052311015,3
2021102311712,1
202112161100,0
2022020921318,1
201801301111,1
20190227201,3
202002292612,3
2021030321110,1
2021013111716,0
202112162219,1
202011232174,3
202201122629,3
2021030711059,1
2020020912326,0
2018081221424,1
201812081314,3
201710141624,1
201902231324,0
201812301624,0
2020122611526,3
2022011521033,1
2020100321640,1
202202131614,1
20190916166,1
2021091111010,0
201901291815,0
201712092616,3
2017121322640,0
2018013112140,0
2019110222310,3
202103061424,1
2018020321740,1
202109181156,0
2021081421512,3
2018050522120,3
201904162843,0
2018123021440,0
20210130194,0
2019011911512,0
20201031160,0
202006201413,0
2019020211020,0
2021041011640,3
2020070921310,0
20190922246,3
2022022621124,1
201805051614,3
2021103011224,0
201812082515,3
202112042616,3
202110242620,3
2018010121510,0
2018081211712,1
202002021424,1
201802041104,1
202101131840,0
20200722120,0
2018100621787,1
2020112811740,0
201804011316,3
202001181333,1
202002012716,1
2021020722216,0
2018102712315,3
201812222633,0
20180818279,3
201810271614,1
2017081921759,0
202105161159,3
202109251117,1
202205111218,3
20190819159,1
201804141020,3
2020101711416,1
2019122821710,0
201811032624,3
2021091321524,3
20211211209,3
202204242812,1
20220219263,1
2021042121340,0
201902032710,0
202011071164,0
2018050822612,0
2019010121514,0
202104161319,1
202101032240,0
2018110322414,0
202002291141,0
201903302179,3
202104041206,0
201710142080,3
202105232910,0
20200928140,0
201812302171,3
2019112311421,1
2020011821820,1
20180303213,3
202003071324,1
202204172624,1
201811242814,1
202202102114,3
2018020311459,3
2020062921124,0
201802112140,0
20211215289,0
2019112422210,1
20190414120,0
202012062214,0
202102072914,1
202006222024,3
202111071319,1
202012131115,1
201711181252,0
20201228226,1
2021103121918,0
202006231814,1
201801131716,1
2020072121840,0
202012192110,0
20200701121,0
201803041240,0
2019110211726,0
202101042140,3
201809222787,3
201904022910,3
20210321141,1
2019020921443,0
2021082921718,1
2022050721133,3
202010042520,0
201810271240,0
201711181014,3
202109251618,3
2017090921520,0
20190204260,1
2021051512012,0
2018082622024,3
201812271612,3
202112011712,1
201811102251,1
2020072011526,3
201812152253,0
201802042113,1
202012302100,1
202112112218,3
2022031221224,3
2019120111310,1
201805131487,3
20201229259,3
2022021211117,1
201910262626,1
202010041614,3
2019120321740,0
2018042111133,1
2020101821113,1
2020062021814,1
2019091521821,1
20210814224,3
202112011179,1
202102072359,3
20190227242,3
20191216184,1
2020121921521,3
2017101421821,3
2017112622540,0
20211228270,3
20190302263,3
202012052218,3
20211030204,0
202108281440,0
20180825180,0
2021121411329,3
201803041413,0
202105231821,0
202103142420,3
20210514103,3
202105232413,3
201803311253,0
2022042111424,0
201905052233,3
202204282516,1
2021110611716,1
2017122321720,0
2018031111821,0
20171226162,1
201801021377,3
2020092021013,0
2019083121410,1
20180915143,3
2020020221721,1
2018082521414,0
201910192151,3
2018081911824,3
20181125142,3
2018091522314,3
202101302026,3
2017110511120,0
201804081616,1
201801211312,1
201912262313,3
2018100612420,0
2020071811729,3
202007012616,3
202112292213,1
201902222615,3
20180513123,0
2021120421413,1
201803112433,3
2021011811021,0
202010242640,1
20210828264,1
202205191716,1
20171124171,1
20180820114,3
202108282021,3
2020071521020,0
202012171176,1
202203101229,3
20181205129,0
201809021443,3
201708192713,3
202009272014,0
20220115156,1
202101271719,1
2018121021533,1
202102142418,3
202205122321,3
2017090911812,3
20200927191,0
202109261321,0
201712101150,1
2019040212033,0
2019022712012,0
2020021521424,0
2021081411333,0
201809222172,3
202111012919,3
20210424213,1
201712231101,3
20210501104,3
202010301119,0
20171231104,1
202201152912,3
2021040312218,0
2022011411113,1
2022043011112,3
20171022230,3
20191208176,3
2019082522340,0
201904272189,0
201910271529,3
2021020211410,0
2019113021433,3
202202192020,0
20200920220,0
202006232713,1
201709161659,1
20201018184,1
202102212620,3
2018011311520,0
202012211616,0
201910261224,3
201905061740,0
201903022512,3
2020102612113,1
2019081711029,0
2018022411424,1
202105012818,3
2021100221729,1
202204021180,0
201902242412,3
201811101843,0
201908172020,1
2021081411116,0
2018022421819,3
201902031440,0
2018122222410,0
2019092821129,3
202012121139,3
201904051112,3
201711292277,3
201808182243,1
201808252113,3
201902101720,0
2017082711516,0
201901122621,3
20181230124,3
2021110721614,1
2017101412320,0
2021021411621,0
2020112121016,0
201711282720,3
2020070121514,3
202006171440,0
2021091811440,1
2017120211159,1
202101261412,3
2017120921014,0
201810221721,0
202110241717,3
2020092121326,3
2021112021313,3
202112262014,3
2021022311418,0
2017111822116,0
2017102122614,0
202101312718,0
2020122922118,0
202007121116,0
202010031819,0
2018051312777,3
2021022811720,0
20180204130,1
2018102811510,0
202001011933,0
2019081021712,3
2021012622140,0
201804142340,0
2022041611910,0
20180826123,3
20220305183,0
201712161680,3
201811112219,1
2020091222021,0
201909222119,1
20181201202,3
20200715133,3
202202191101,1
2017103011024,0
201805092013,3
2020020121819,0
202104111426,3
202204101617,0
2022041621817,0
20191208289,1
2019042022315,0
2017102822316,0
2021050111613,0
2021120421024,3
20191026206,3
202101041112,0
2022052211024,3
202204171171,1
2021122921240,0
20190112223,3
2018122612320,0
201712132313,3
201709172519,3
2021101611740,0
2020030121510,1
201708202316,0
20211106283,1
2020100321513,3
201804282142,3
20210513250,0
201805052274,0
2018031011116,0
2021052312118,0
2018040722720,0
2021020811118,0
202102022921,3
201912281329,1
201908241229,3
202204201416,3
202012291413,3
202102141912,3
201808111833,0
2021122821420,1
20191204169,0
2021052311540,0
20211201106,3
2019033022040,0
2018092212514,0
202007192314,3
2022052221920,0
20210404133,1
20190209164,1
201708212019,1
201804291410,0
201912212014,3
20180825241,3
202007262152,0
202202092017,3
2020012211920,0
201708122840,0
2021022021416,1
202103131214,0
202104111520,3
20201108246,0
20191226253,3
2018090121112,0
2021011211026,0
202007112124,1
20190330272,3
202006201733,1
201712311459,1
2018110512087,0
201910191619,0
201904281414,0
2018013121024,1
201902262713,3
2021052322224,3
2017101422687,3
2018110411116,0
202102151221,0
201904271933,3
20201227139,1
202205222173,0
202205151199,1
20180104231,1
20180114100,0
201908312116,3
201709232152,3
202002222172,3
202104172926,3
2021101621913,1
201905041141,0
2021021712024,1
201708122224,0
2018051312324,3
202101302119,3
201909151152,0
20220314104,1
2021082111813,0
2019092121729,3
201803312110,0
201709111251,0
201904201143,0
201804072887,1
2017091522313,3
20180901191,3
2020022212324,0
2020070111921,0
202002012112,3
201801012273,0
201805132314,3
202007011719,0
201902061019,3
202007262100,0
202109112429,3
202002281729,0
201804292521,3
2018121511540,0
202203182918,0
202112052329,3
2019120812229,3
2021092511714,1
201905051821,1
201810272143,3
2020100311116,0
2022012121829,0
201911101139,0
202105082112,3
201912052413,0
202001182619,1
201903022174,0
20220114284,1
202102272109,1
201903031215,3
2022021911221,0
201903031733,0
2020011111414,3
201708192141,3
2019042311433,1
201709112687,3
2021020321619,0
2021121111421,0
201904271154,1
20180901270,0
202104241826,0
201911091233,0
202205081629,3
2017122322759,3
201804302333,3
2018110321033,3
2020020811813,1
20190922220,0
2021120621521,3
2020072011013,1
201903031119,1
2020071922312,0
2018121521843,3
202108211170,0
20210925256,0
202111272112,3
201912282144,1
2021021422110,1
2021031322040,0
2018102012043,0
202104041810,0
20190309184,3
2020020121126,0
20220522219,3
202112151913,3
201908182224,3
2019082421916,0
202105081318,0
20191209141,3
201812021321,0
202010231166,3
202203162820,0
201811102724,1
2018091521810,0
201901021119,3
2019122622321,1
2018120522014,1
20190310229,1
201811301943,0
2018011321812,1
2021043021414,1
2017112621721,0
201808202110,0
201910262819,3
202105191124,3
201911231240,0
201711181140,0
20200111230,0
20211120291,3
202202191186,3
20211016196,3
202105012215,3
2020062521421,0
20210919151,3
20181007100,1
2019013011112,1
2018122912414,3
201909281176,1
202009261154,3
2018112411415,0
2017111812624,0
201912221533,0
20181028144,1
202109181129,3
20180303272,1
201803312182,1
2021042311521,3
20201121186,3
2020122711718,0
2021022022026,3
20171223263,0
2018092921014,0
2017091621840,0
201809291840,0
202002011193,1
20181006194,3
202204201840,0
2020110822120,0
20171203201,3
202011292220,1
20201122170,0
20180211153,0
202205192154,3
2017102221521,0
202001012176,0
201712131210,1
201903092252,0
202104182415,1
2019033021187,3
2019112321824,0
20180407273,0
20191229219,3
201804212184,1
201708272324,1
202202081181,0
20170923270,0
201801221177,0
202205222419,3
2018082611715,0
20190824254,0
201710162759,1
2017082621813,1
202104091915,3
201911092326,1
2020070921512,1
202007261131,1
202001112529,3
2021042521359,1
201801041620,1
201712262524,1
201909141029,0
201712262312,3
201811112010,3
2021121821621,0
2019041322019,3
202012212179,3
2022010221624,3
2019010112021,0
202110161829,1
2017091711510,0
20180825109,1
201904282721,3
2021103021717,3
20171230183,1
2019101911016,0
2021112021912,3
201708191814,0
20201206190,0
202104092209,0
2019121411914,1
2022022611810,1
2021022012215,0
201712162212,3
201812151239,0
2017102812733,3
201708262101,3
2018020521816,3
2019040622324,0
201911232239,0
20190413251,3
202007042233,3
201712102540,0
201901191221,0
2018010111080,3
201811031819,0
201903101170,0
20220305211,3
201804012220,0
2019081022326,1
2019020221712,1
202102142149,0
2019100521719,3
2018040712513,1
202012072812,0
2022041611233,3
2017121611114,3
2018091521021,0
201908172424,3
2021040321626,3
2019110821933,0
202109181110,0
201905122840,0
2018093022424,0
20220227269,3
202011081914,0
202012261221,0
201709252459,3
202105092459,3
202002011910,1
202111062224,1
201909202142,0
2018011321077,1
20211002293,3
2017082621177,0
201903301254,0
202104031014,3
202108142518,3
201712101412,1
201803042016,3
201905121424,3
201708121254,3
202007111629,3
2019012921040,3
201712171559,3
2020072621713,0
2020072621120,1
20210227201,3
2018040811421,0
2018081122343,3
2019120411316,0
201812301012,3
2020070721116,0
201808251621,0
201812161213,3
201812221203,1
2019040312440,0
202202262533,1
2020070911419,1
202002011132,0
201911232620,0
20220424221,3
2020062121316,0
201912292416,0
202102281204,1
20200707124,3
202102272166,0
2022031921321,0
20210307234,3
2019012922519,0
201912211113,0
2021112011124,1
2018092921515,3
201810222414,3
2017102812621,0
20211018244,1
202203061540,0
2018120212016,0
2018040721824,0
201901122712,0
202010251109,1
201908311840,0
202111271134,3
2021102211321,0
2022021921333,0
201712022724,3
20191201256,1
20210519236,0
201809221140,0
202111271929,1
2019122622233,1
201801022033,3
202104031121,3
202111281516,1
201802242780,1
202205151116,1
2021022121314,0
202109192814,3
201909282933,3
202006202821,3
2017122612787,1
201910272109,1
201912212199,0
202002292180,3
2018111021433,1
202104212312,3
2017123012633,3
201910051111,3
2018011322113,3
202105232019,3
202011281113,1
201809222112,3
2018031711580,3
2020011111716,0
20190427231,0
202010042130,3
201911092721,3
2018122911033,1
201801202733,3
2018050911020,0
2018091721413,1
201905041209,0
202109112740,0
2017092311877,3
2021120121816,0
201812022215,3
2020110721118,3
2019122221810,3
20220417173,0
201901132152,3
2018033122124,0
201710211587,0
20200927233,1
2021022021759,1
2021031321616,1
201710281059,3
201810062119,0
201712091887,0
20180331114,3
20171202280,0
2021051921026,3
202108281111,1
202111271140,0
2021022821115,1
201709102174,3
202009141926,3
202110161133,3
202104101130,0
202103121133,1
2022040221612,1
2019122121312,0
202010262859,1
202105112514,0
202002221014,3
202205221613,0
20170826163,0
2019033012314,0
2021050111319,3
2018111021120,0
201912031234,0
2022050121516,3
201712262231,1
201912012926,1
20201228174,1
201904242921,3
20211215241,3
202102271859,0
2020011121513,3
201709301387,3
2020100412221,0
202011291921,3
202007111226,0
2020121311721,3
202102071226,3
2022051111914,0
202104242616,0
202001182149,0
20200121182,0
201804212210,1
202012262710,1
2022040921320,0
202112281194,0
201904132387,3
201708201220,3
202204201113,0
2019042121510,3
20171028164,1
202204232033,3
2019022721110,0
201808192810,3
202010172150,1
201911251106,0
20200216136,3
201908242812,0
202101171326,3
2017121312310,0
20220213271,1
2017123022319,3
20180120203,3
201908101222,1
202101172110,1
2019040622514,0
202205121420,0
2018102712533,0
202111202716,0
2020121722210,0
202011072226,3
201710211113,0
201710152143,1
201710012100,1
202205071184,0
20210114244,1
2018122211140,3
201902092111,1
2020120521719,1
20210523214,3
2021020611510,1
202003082540,3
20210128230,0
202110232840,0
201912142141,0
202109192316,0
201812292121,3
2021030422020,0
20200309276,3
201905121633,3
2019122912240,0
2018112522321,0
201809152243,3
201905042244,0
2021050821620,3
2021121221119,3
20210202149,0
202009132319,0
201911021921,1
201804222077,3
2019050311719,0
202204092413,0
2019092821324,1
2021120511218,1
2019122811112,1
201909141100,0
2018120411113,0
201711051440,0
201901022212,1
201904052140,0
201910052114,3
202101122223,3
202202131124,3
201809222820,0
201912281524,3
201810062182,0
201712101010,3
202112012613,1
202203132159,0
202012291612,1
2019120821926,0
2019051221487,1
202111201533,0
20191110100,0
2019020211424,1
201712231324,3
202201222156,0
201804141212,3
202202092194,1
201912041310,0
202010031018,1
2021041122221,0
202204032619,3
202012132713,3
2017081212359,0
20210315290,0
20190223274,0
20220122251,3
201711191633,0
202006302810,0
201812051410,1
20200721146,0
20180224160,0
2019011211414,3
201912081143,0
20210203180,3
2019012922013,3
202001022126,3
20211022246,3
202203161313,3
20210405291,0
2018041411887,0
20200921109,3
201809152254,0
202007112183,3
202103071540,3
202102041220,3
202205112940,0
201912221220,3
202011071201,0
20181201163,3
2017112911440,0
20200704149,3
201812151615,3
2019040111021,0
2018021112387,0
201801012787,3
2022051921324,1
2021041222112,3
2021041111024,3
2018121011819,1
202205011219,0
2019081021119,1
2020091921559,3
20210523126,0
201812152201,0
202105232203,0
2018050511180,3
201708272219,3
2019102721910,0
2020010121420,3
2019040221815,3
202006211119,1
201903021101,0
2018042222724,1
202002172210,0
202102082164,3
202010042915,3
2019091421940,3
20200307241,3
2017121812619,0
202002092222,3
2020122622219,0
20191204291,3
20200219201,3
202112261141,3
20210207100,3
2020112221621,1
202112282181,0
202105192159,3
201812292743,0
2017101612114,1
20201003224,3
202201121191,0
2018041921716,0
2018092922520,0
201903161102,1
20190114209,3
20200624214,3
2021040421315,3
201901141940,0
2022011521310,1
2020011222333,0
201802101880,1
202102281414,3
201908312226,1
202202152513,3
202101012151,0
202001011312,0
201912072230,0
2020102521419,3
201711291180,3
201803171212,0
201812051124,3
2020120711413,3
202010192169,0
201912141180,0
201910251712,3
20181222182,0
2019030321814,3
2021041211459,0
2018123012310,0
201909162131,1
201903032150,1
20170909200,3
20220423276,1
202011011146,3
2022031011012,3
202104251179,3
202105081240,3
202203072319,3
2017102111816,0
201904232313,3
20170930172,1
2017110422559,3
202101192716,3
2021112821219,3
201811031183,0
2020110611012,0
202003081010,0
2017102822140,0
201805132172,0
2020102321318,0
202101191211,0
20210102289,1
2020011921714,3
202012121213,0
2019033011810,0
20211219103,3
2021101621216,0
20191123114,3
2019101911714,0
2020072611940,0
2018091511187,3
20210222284,0
20171222240,1
2019100511329,3
2020022821914,3
201802111112,3
201809221043,3
202105032171,0
201711291619,0
202011012313,3
20211106194,0
2018033112333,1
20181226232,3
201804281270,1
201903171219,0
2022030521917,0
2018040112721,0
201909142824,1
2017120922659,3
202205072176,0
2018122221015,1
20210424121,3
2017121611416,0
201912211929,3
201803311713,3
201901191243,0
202104301712,1
2021040421020,1
2018022421712,1
2022040211418,1
201812012733,3
202110162710,3
2021100211510,1
2018112421543,3
2020110222059,3
2021030121512,3
201811242316,3
201905051587,1
2021042111420,0
2021013012240,0
2021020621012,3
201812052170,0
20190102181,1
201903091153,0
2017123011410,1
201710012413,3
20220210149,3
2019092811420,0
2018092311521,0
2018081121813,3
202105151613,1
2019042712312,1
202112022317,3
202204022133,3
2018091512416,0
201711051516,0
20200621126,3
202204201719,1
201801312059,3
202202091166,1
2022051521613,1
202012262134,3
201801202816,0
201805132113,3
201802112252,3
20220219124,3
2021113021029,1
2018110322310,0
2019050321524,3
2017111821777,3
20210221131,0
20190825233,0
20210417163,0
2018110522515,3
202012211924,0
2019020221115,3
2018102821716,0
2018121511720,0
201902261814,0
2022022021610,0
2017122312512,1
201801032416,1
2019122821920,1
20190331130,0
202110231104,1
201912042520,3
20190817281,1
2019120821012,3
201710292719,3
201911241526,1
201809161179,0
202112262817,3
202104122819,1
2020011811140,1
20180224211,3
201902021919,3
2021050921310,0
2018042211780,1
202001212221,1
202105192170,0
2021082121117,1
2020070222220,3
202110171619,3
202104052154,1
202102131174,3
201903101521,0
202002222740,0
202201011021,3
20200119150,0
202104102018,0
2019020212516,0
201711041877,3
20180225134,3
2019012022020,0
20171014232,3
201712131077,3
201711052210,3
2021030622212,0
2019050411143,3
2020011812329,0
2017082011087,0
201812042643,3
201901011343,3
2018030321859,3
201802241102,1
2019042011887,3
2020070922320,1
2021041621520,1
202011221626,3
2022041021924,3
2019030211124,3
201901191810,0
201711182740,0
20200715202,3
20190810236,3
20211212273,3
2018012012119,1
202006171226,1
201708191110,0
20190414104,3
2021092511033,1
201804221621,0
201808122440,0
202007261916,0
2020121221059,3
2021050112016,0
2019081721533,3
2018111111516,1
2022022521429,3
20191215139,3
201801301187,3
202011062824,1
201711251810,0
20171104111,3
201811032920,0
2019102612333,1
20201230113,1
201708121133,1
201905122319,1
201803032387,3
202006252240,3
2018110411440,0
201711252513,3
2020071222314,3
202104112614,3
20210306196,1
201804191224,3
201908111914,1
2020120511524,1
202111212019,3
202105121416,3
2020070421913,0
201911092171,3
2017091621112,0
201912041150,0
201908242181,0
2019092112219,3
201808251712,3
2018081821512,3
201912031024,3
201905121013,3
202110162139,0
201712262177,3
2018031012687,1
20180203281,3
20200118123,0
2021120211220,0
2019010222524,0
2018041512110,3
2020030711926,0
201711242614,1
202012122540,1
2021113011118,0
201809161619,3
20210207179,1
202112142018,3
201908101833,3
201808182315,3
2021102311819,3
202112261429,3
201905042100,0
20211003100,1
2018011422321,3
202110162024,3
202007191142,3
2021081411419,0
2019092121013,1
201912072010,0
20180310250,3
20170924283,3
2021120511920,0
20201018231,1
2018011512710,0
20211030123,3
2018082611133,0
201809021524,3
20220408193,0
201812162816,0
201812011512,1
201908192910,1
2022042321220,1
202103102012,3
2017122611559,1
202205082418,3
20201130266,3
2018042311019,0
201908312629,3
201809292433,3
20181110134,3
201811102102,3
202203062010,3
2018030521110,0
202010172212,1
202001181151,1
2017110412187,0
2022020511824,1
201809162924,3
201801132214,1
2022030121714,0
20220511109,3
20181208264,3
202205221329,3
202201232110,0
20170813251,3
20210117204,3
2021030422119,0
2018100611514,3
202202131133,0
2022011511529,0
201802122259,3
201810201189,3
2021082811513,3
201812021150,0
2017112912521,0
202101201515,3
202204022217,0
202205082719,0
20200201259,1
20190408221,3
201803121080,3
2020091912018,0
2021052321659,3
202011011820,0
2017122622119,1
201805061116,0
202012201720,3
202012121010,1
202108141824,3
202009261513,3
201709102263,0
202101132013,3
202007051130,0
201709091580,1
2022031421140,1
201810012234,3
2021012712013,1
201712121184,0
20200101262,3
202109252183,1
202104251518,1
202006272139,0
202201151183,1
2019051212410,3
2019092012312,3
201804161271,1
2021101721020,0
2021031311719,3
2018021212116,0
202201232713,1
201805131720,0
20190202233,3
202102282210,1
2020072612319,3
2022052211340,0
201711292151,3
202001121182,3
2021082821012,1
2022012211319,3
2019081011320,0
2021011621613,0
201712021333,1
2019121412316,3
20181229140,0
201904202913,1
202006231620,0
2019022211843,3
202007081113,3
2018051311810,0
20210315119,3
20171216243,3
202104191118,1
2019042722043,3
2017092322716,0
202101311313,0
2021011622016,0
2021032011013,0
202201012111,0
2022041011114,0
202009191621,0
202103072213,1
202108212133,3
2021103111629,3
20210127229,1
201711181154,1
202001111109,1
202101162624,3
2019011921419,3
201712091234,1
201808271310,3
2021112111620,0
20180812211,3
2019110211440,0
202110021109,0
201812082240,3
201802102014,3
201712131712,3
2020091221112,3
202001112712,0
2021091111316,0
202007082624,0
2017100121524,0
2020062121026,3
202002231199,0
2018120111814,0
2017123021877,0
2018122211721,0
201902022242,3
201804152559,0
2021051011715,3
2018102021013,0
202007111013,3
202109121118,3
2020103121716,0
202101161818,3
202101162959,0
201711252262,1
202007012429,3
201708191612,0
201902271316,0
2017090921433,0
202203132414,3
20180418152,3
202012271210,1
2020110712216,0
201908241726,3
202007071721,1
202204091212,3
2017120222777,3
2020091911110,3
201712121287,3
202204101140,1
201912011429,1
202012112161,0
201712262213,3
202111272199,1
202205011720,0
202112022521,3
2021011411121,1
20211120169,0
20191123192,3
2019041612413,3
2021052321316,3
201711252116,1
20220224249,3
20211024131,0
202011291316,1
20180506220,3
2019081121021,0
202102061824,1
202104112173,0
20211024250,0
2017102121459,3
201708131610,0
202002221316,0
2020070811040,0
2022021221940,0
202103042116,0
2018013022621,3
2019011222487,1
201710211777,3
20190129169,0
202204162313,0
2018012121420,1
201909011919,0
2019042821740,0
2017092411013,0
202101272176,3
2021042611114,0
202112041812,1
20210403240,0
2017101412577,0
202101161171,0
2019091411426,3
20210304120,3
20191102152,0
202204231521,0
2020110811321,3
201910192912,1
2021120421840,0
201711182420,3
2020022922316,1
202203201620,0
2021013011019,3
2021051621526,0
202011282024,3
202010241220,0
2020110212115,0
2020011811313,1
201904242540,0
202111272116,0
2021040511119,1
2018092211815,1
202104112310,0
2017082722180,1
2022030711520,0
202102282324,3
20220430189,3
202010252414,0
202012272613,1
202109111817,3
20201227181,1
202202122512,1
2019022411421,0
20181027271,1
201911231713,3
201909011321,1
201808121021,3
201710282187,3
2018092222033,1
202203131721,0
201912071540,3
2020072621426,3
202007012233,0
2019083121033,1
201804211159,1
201912222316,0
20211216213,3
20170909242,3
2021100221633,3
201911031319,1
2020112222019,0
2018041411577,1
2021091121120,3
202105111710,3
2019110221816,0
2020021611021,0
2019022222433,0
2019081811126,0
20200720294,3
2021092511919,0
2017081211716,3
2018013112316,3
20180811133,3
2018031711187,3
2017102911514,0
2017081221580,3
201902091230,0
201811101687,1
202105192211,0
202103122106,1
2021051421040,0
2018120112340,0
2021120511110,0
202104201816,1
2019022311114,3
20181020131,3
2020122011610,0
20210213286,1
201909012159,3
2019121411024,0
2021051022024,0
2019110811829,3
202009142229,0
2017112512377,1
20180414184,0
20180901222,3
202007072414,1
2019012911587,3
2022051511219,3
2018020312614,1
202007221610,1
201803101143,0
202102211021,3
2019102521414,0
2021010211620,0
201911091624,0
2021091311719,0
20190402159,0
202205222233,3
202112011119,3
2021011221710,0
2018082522543,1
202007151924,1
202009121144,0
2021082221410,1
201905122543,0
201812082230,0
2020100421459,3
20210519144,3
2022012211018,3
2020071621110,0
20211127243,3
201903301015,3
20171020181,3
202001012019,3
2019120111514,0
2019041521821,0
20210815163,3
2021020212126,0
2017123122121,1
202204091519,0
20171014124,0
2018122222313,3
202007112191,0
201902241110,1
201911102140,3
202012191419,0
2021051111112,0
2021112021810,3
202102201212,1
202205072120,1
201903101916,1
202202121833,3
201801311520,0
2021051821418,0
201812292183,1
202112261740,0
2020122911659,3
20210911134,0
2017090922710,1
2019050511816,0
202001211186,0
202006242106,1
201812291920,3
2020101922124,1
20210410124,3
20220522154,0
202204301196,0
201708191577,3
2022052211521,0
2022010121820,0
201909282231,1
202001011231,0
2017123021013,1
20191229190,0
2021122621921,0
2018041421714,3
2022041721014,3
20191226142,1
20191123131,3
2020092611424,3
2019082321319,3
201912012719,3
202002011224,3
202007041829,3
2021100211818,0
202010041310,3
20220508203,3
2017122321516,1
2017090912321,0
201904202020,3
201712302280,3
202202132170,0
2020070521440,3
202101281120,3
201904131912,0
202110022212,3
2021050811126,3
201911091414,0
201710212233,3
202102132020,3
201709091319,3
20220419150,0
2022042121712,3
201804282180,1
201812262587,3
2018050511033,0
201810202620,0
202007042921,0
201908091190,0
20180505271,0
20170923131,3
2019122812313,0
2021022111010,0
201801311173,1
2021020621713,1
20210126164,3
20201025293,1
20180131222,0
202105131156,1
202007201119,0
2017122621814,3
2021091821721,0
201910261221,1
201901121113,3
2018090112519,1
2021081411610,0
2018102721887,3
201901191110,0
201708122180,1
2021120121340,0
20211205254,3
201812082720,0
201804281213,3
202109261912,3
202202192129,3
2018050611721,0
20181209193,3
201811241713,1
20220220179,0
2020112822126,3
202012261116,0
20190914234,3
2021031922018,0
2021022722113,3
2020122811316,1
2019033122416,0
201912152920,0
20220404144,0
202012061726,3
2021121121910,0
201805092721,3
20201216264,1
201801131687,3
20210120206,3
20190922151,0
201901132310,0
2019082411413,3
201803311019,3
2021020621321,3
202201191314,3
202007122134,3
20220403233,3
201711282213,1
20211017133,3
201902022833,1
202011222221,0
202105182214,3
201809291149,0
202102192918,3
201912211146,3
20211003174,1
201712232264,1
202104182524,3
201812161412,0
202012162120,3
201901121184,3
202102032113,0
2021050221021,0
201711292487,3
2017120922513,3
2019101921140,0
202201231316,0
201812041252,0
20191005170,0
201805062424,3
201710302173,3
2019042712415,0
202102061143,0
2019081711819,0
20210823171,0
20201206219,3
202101021224,0
20191102116,3
202102062519,1
20170930254,3
20190922194,1
201709161787,1
201710221419,3
2021022321612,3
202204302100,0
202112281633,3
202202132106,3
201803032261,3
201912051821,3
2022040611524,0
202010191918,3
201709172221,1
202102031024,3
2022030621821,0
201712162824,1
201901192231,3
20201129249,0
2020101911759,1
2020120511616,0
202110022519,1
2019042721119,1
201902102314,3
20210131111,3
201809292912,3
201803101171,3
20191103174,3
202011211020,0
20190928162,1
2020071821924,0
20200920183,3
20180311132,3
2020030711012,3
202007171181,0
2017121321414,0
201912142133,3
202010171440,0
201904031816,0
2017123022524,1
202006242526,3
20210523159,3
2020102621720,0
2021050711014,3
2019030921019,3
201810011112,0
2019102621716,0
20191226270,0
201809221313,3
20190420189,1
2022011921210,0
202110021413,1
2021011611414,0
2018043011820,0
201801011519,3
202103141610,0
2019011221133,0
2020103122240,0
2018092212324,0
202101272815,1
201801311719,0
20210131260,0
201809011144,3
20200307189,1
2019100512233,1
2019010222333,1
2019122611416,3
201810292340,0
201802032419,3
20190102294,0
202202122124,1
20190102153,3
201904231820,0
201902022159,0
20190129103,0
2020012121333,3
201810202933,0
20220102220,1
201811111921,1
201910211426,0
2022012111933,3
202009282121,3
201902221201,0
202201222129,0
201710011821,0
201905122716,1
201911022130,0
202109181424,3
201902271640,0
201902031514,3
2020071122216,3
2019120511026,3
202007262433,3
202009122118,3
2017122611710,1
2021110511312,0
2018102022312,1
2017093011859,1
201804281277,3
201812261915,1
201908171613,1
20200726113,3
202202262123,0
202006191520,1
202002011140,0
2020121512140,1
202104241100,1
2020092011714,0
2021082911820,0
202205072810,3
202203051119,3
2019122611719,0
20190825102,3
202201232220,3
201808181416,0
202002291173,1
201908092129,3
202012132200,1
2020102511512,0
202112012150,0
20200118204,1
202010171119,1
201904061172,3
20180901269,0
202108152340,3
2022040421121,3
2017091612620,1
201812041033,3
20200101173,3
202007122321,3
201912211172,3
2018112422012,3
2020122912224,0
201803172133,3
201909222610,3
202001192110,3
201709091140,0
2021030111419,0
2020071621413,1
20181111249,1
201712221121,1
202006241239,0
201901201087,3
201909301410,1
20200712172,0
2018031022114,0
201809012815,1
202003071184,0
20191110296,3
2019092821540,0
2020061911429,3
202112011233,3
202105181716,0
202002191640,0
202001111819,0
201811101233,0
20191214222,0
2019011212543,1
2021031011440,0
201909221116,3
202102202119,0
2018122611524,3
202108222920,0
2021102321424,1
2020071611319,1
2020121221516,3
202103081161,0
20220516143,0
2021120521314,3
202203181169,3
202006241133,1
202103032226,3
20171209121,0
202205071513,0
201904132149,3
2022022311133,3
2021123011710,0
2018122911513,0
201802032777,1
202104171229,0
201910051313,0
2020072022219,0
2019020922521,0
2022012311721,1
2021051321319,1
202105082224,0
202205191176,1
2022050811514,3
2021010222121,0
201810271913,0
201810071212,3
201710281310,0
20201205151,3
202003082219,3
202203172153,3
20180130264,1
2020122611040,0
2018090221710,0
20181006253,3
202110161217,3
201812261100,0
20190504113,3
202011291512,3
2019113021040,1
2018051321159,3
2022050811040,0
20200726266,1
202205222712,3
201811111200,0
201909282213,3
202112192916,1
20210814279,3
2017122721040,0
202001012816,1
202202192417,3
20190929273,3
201708112414,3
2020030721720,1
2017082712759,1
2022022511912,0
201910052820,3
20191207112,3
202006251016,0
202003011519,1
202002142914,1
202102201150,3
20210227193,1
201809162151,0
202007081926,0
2018110321513,3
2018022412714,1
20190811143,3
2021112111540,0
2020012111019,1
202006211223,0
201801201524,3
20190921183,1
202102032131,0
20170813133,3
2022021221813,0
20190401243,3
2019033011413,3
202103141812,3
202101121159,3
202202261174,1
2021022711318,3
201804072010,0
20180513180,0
202201221610,0
201904282516,1
2018042822519,0
2019022721415,3
20210314251,3
20201017153,3
20200224160,0
2022041621421,3
2019122122324,0
201901011719,3
2020121611514,3
2019113011812,0
2019112321529,0
202109191713,0
20200129260,0
2017112512120,1
2020071411916,0
201909281194,0
20200708280,0
201711192181,3
202111062540,0
201712031640,0
202101232133,3
201712022214,1
20181027289,3
201801022144,0
201902111109,1
201712161340,0
2017092512121,0
2017112811059,1
20210927184,1
202105232720,0
201802101740,0
201904062104,0
202205012314,3
2020092622116,1
201808102514,3
202110241110,3
2022012221440,1
202112142196,0
2022030521716,0
2018031021513,3
20210509189,0
202109122160,0
2020071111033,0
20190811279,1
2017092312524,1
201905122203,0
202203131919,3
20171105234,3
2020070411816,0
2022010211317,0
2019122811333,0
201809151533,3
2017082622340,0
20200214179,1
2022042311314,1
2021121411640,0
2017102111740,0
201911021101,3
202202121029,3
2018092222440,0
20200708203,3
202012291910,0
20220226286,0
201808192087,3
202101021459,3
2020022921024,1
202103212621,1
2020022211312,0
20220210170,0
2019022622419,0
2017101421116,3
201901131520,3
201812261233,3
20211204121,0
202102152626,3
2018040722177,1
2018081912540,0
20170915182,0
2021091721018,1
202105231141,0
2022050811621,0
202010042426,3
20201212296,0
202007051012,0
202204302913,0
202108232614,3
202112021410,0
201812262740,3
202012202826,1
201712132621,1
2017121611713,1
201902091487,3
202109171163,1
201801302250,0
20220103259,0
2022021911713,3
201804172820,1
202001181912,3
2021051521415,3
20220313223,3
202007261824,3
201710212272,0
2018081812020,0
201811241133,3
20201030294,3
20201226203,3
201712172230,0
2018040711014,3
201808112919,1
202203101189,0
2020101811314,3
2020062811433,3
201912281153,3
2019030921113,0
202012061420,0
202203102143,0
2018100612333,3
2017091621080,3
2022010221513,0
2017091011124,0
2021013022115,1
20181215174,0
2018021121010,3
2017101412740,0
20220101164,3
201909141710,0
201709162124,1
201909212033,3
201901302333,3
201911022012,3
201908111210,0
201809221910,1
2017122821121,0
20180509233,3
201804072234,1
201709301261,0
201709161170,1
2017112821810,0
20190224250,1
20181216150,0
201901292443,3
2017081221477,1
201904241010,3
20200623231,3
20220507229,1
202011232912,1
201805102610,1
20210302209,3
202012111618,3
201811111540,0
201903091312,0
201912261820,0
201710202613,0
201708111721,0
2021020712120,0
2022052211414,0
20180414212,3
201912042119,3
2017110411712,3
20190424149,0
2020112811619,3
2018033111759,3
202201162618,0
201712162020,3
2017093022712,3
202001221614,0
20200705163,1
20210911253,3
2021051612219,3
2021031911615,3
2017110511819,0
2022040211216,3
201809011114,3
20190512190,0
2019020211813,1
202201151240,0
202105092619,0
20191130103,1
201908242121,3
201711281314,0
202108281729,3
2019040721521,3
20190420171,1
201902021204,0
2018012011121,0
2019113011124,3
2019112311919,3
201908311134,0
2022021911512,0
2020070411114,0
202001211026,3
201810281224,3
20210221176,3
20200307212,3
201711042102,0
202009282206,0
20200620191,3
202112112412,3
201710212104,3
202007122919,3
201903161251,0
201709092716,0
201908112516,3
202104032740,0
2019010221010,0
2020110611713,1
202104172101,3
201911301616,3
201712302512,1
202007261514,3
202205152640,1
20191027193,1
201811251259,3
201812162110,3
2020062412210,0
202204241924,0
2019042022533,0
202108281126,1
20211219230,1
201901192416,3
201804141230,0
202202081524,1
2017081922721,3
201812011887,3
201805051359,0
202011272113,0
202201021819,3
201810202250,0
2017122312340,0
2021032121320,0
2017120212680,0
2019110911512,3
202012152916,3
2018090222421,0
202006172021,3
202108141914,0
201903302619,0
201912292026,3
2022040311020,0
202103131015,3
202010241210,1
2018013121514,3
201908231156,0
20211201181,1
20191006242,3
201709302240,0
202201232424,1
20210515281,1
2021091111921,0
201709091214,3
201808111287,3
201909142514,3
202109252724,1
2019020922010,0
201711052021,3
202203052718,3
202101302146,0
201712231219,1
20200716154,3
2017123121140,1
201812022420,3
2021021721715,1
202204242119,3
202202261318,3
2018051322680,0
2021020322014,0
2017112521180,3
202203121113,3
20200224211,3
2022040921416,0
201712131153,3
2021081421713,0
2018050811477,3
2018081811043,1
201904131610,0
201904262187,3
201912151021,3
201804141724,0
201912142226,3
202010031173,0
2022051111533,1
201801131859,0
2021091811829,3
2019010211787,3
2019030211410,0
201808252940,1
202201161120,0
201908252924,1
2022052221110,3
2017122611420,0
201802031272,0
2021010321014,0
201804171313,1
201804072150,1
2021013011312,3
2022030521013,3
202002221104,0
201909281816,0
201711261087,3
2017111822387,3
2017081912124,3
202111301193,1
